Article Name,Num Hyperlinks
https://en.wikipedia.org/wiki/Curmsun Disc,178
https://en.wikipedia.org/wiki/In My Songs,149
https://en.wikipedia.org/wiki/Hasty pudding,332
https://en.wikipedia.org/wiki/Kesi Afalava,107
https://en.wikipedia.org/wiki/St. Thomas Aquinas Catholic Secondary School (Oakville),211
https://en.wikipedia.org/wiki/Wilyakali,333
https://en.wikipedia.org/wiki/António Morgado,171
https://en.wikipedia.org/wiki/Shambhala (music festival),169
https://en.wikipedia.org/wiki/Joseph C. H. Flynn,213
https://en.wikipedia.org/wiki/Turtle Beach (Florida),131
https://en.wikipedia.org/wiki/Wings of Lebanon,150
https://en.wikipedia.org/wiki/28 Andromedae,647
https://en.wikipedia.org/wiki/Andrea Mazzucchi,115
"https://en.wikipedia.org/wiki/Brick Cottage, Gayndah",160
https://en.wikipedia.org/wiki/Alan Clark (Arkansas politician),168
https://en.wikipedia.org/wiki/Al Dhafra Private School,112
https://en.wikipedia.org/wiki/The Voices of Glory,105
https://en.wikipedia.org/wiki/HMS LCT 147,176
https://en.wikipedia.org/wiki/Eduardo Monteiro,199
https://en.wikipedia.org/wiki/Bermuda National Library,136
https://en.wikipedia.org/wiki/Murray Guy gallery,367
https://en.wikipedia.org/wiki/Pension model,104
https://en.wikipedia.org/wiki/2015 Broadland District Council election,591
https://en.wikipedia.org/wiki/Coleophora monoceros,124
https://en.wikipedia.org/wiki/2000 NCAA Division I softball season,407
https://en.wikipedia.org/wiki/Please Don't Eat My Mother,131
https://en.wikipedia.org/wiki/Rauwahi,132
"https://en.wikipedia.org/wiki/Manuela Saenz, La Libertadora Del Libertador",97
https://en.wikipedia.org/wiki/Abel Balderstone,145
https://en.wikipedia.org/wiki/Bartolommeo Scaligero,90
https://en.wikipedia.org/wiki/Vernon Steele,187
https://en.wikipedia.org/wiki/Harpalus providens,116
https://en.wikipedia.org/wiki/Alfred and Emily,231
https://en.wikipedia.org/wiki/End of the Trail (Fraser),201
https://en.wikipedia.org/wiki/Muslims in the United States military,496
https://en.wikipedia.org/wiki/Las Vegas Bay,101
https://en.wikipedia.org/wiki/Fiordland Trails Trust,138
"https://en.wikipedia.org/wiki/Sowin, Opole Voivodeship",160
https://en.wikipedia.org/wiki/Syed Ahmad Alwee Alsree,153
https://en.wikipedia.org/wiki/International Neuropsychological Society,192
"https://en.wikipedia.org/wiki/Dastjerd, Qazvin",264
https://en.wikipedia.org/wiki/Laodao River,187
https://en.wikipedia.org/wiki/Six Continents,130
https://en.wikipedia.org/wiki/Shintoho,308
https://en.wikipedia.org/wiki/Macmillan Media,132
"https://en.wikipedia.org/wiki/Red Banks, Virginia",145
https://en.wikipedia.org/wiki/Penny Racers (1998 video game),215
https://en.wikipedia.org/wiki/Micropholis rugosa,164
"https://en.wikipedia.org/wiki/Trumpeter, Edmonton",300
"https://en.wikipedia.org/wiki/Reidland, Kentucky",214
https://en.wikipedia.org/wiki/Jimmie W. Monteith,176
https://en.wikipedia.org/wiki/Paul Edinger,165
https://en.wikipedia.org/wiki/Jim Ware (basketball),213
https://en.wikipedia.org/wiki/2015–16 ES Sétif season,1166
https://en.wikipedia.org/wiki/Rhinotoides,100
https://en.wikipedia.org/wiki/Tyler Clark Burke,212
https://en.wikipedia.org/wiki/Visa requirements for Santomean citizens,1827
https://en.wikipedia.org/wiki/Regina Purtell,257
https://en.wikipedia.org/wiki/Aimé Jacquet,1252
https://en.wikipedia.org/wiki/Pawn Stars UK,167
https://en.wikipedia.org/wiki/New York Sephardic Jewish Film Festival,154
"https://en.wikipedia.org/wiki/Hillsboro, Wisconsin",289
https://en.wikipedia.org/wiki/Herpystostena,119
https://en.wikipedia.org/wiki/Bossiaea dentata,200
https://en.wikipedia.org/wiki/Kevin Suárez Fernández,122
"https://en.wikipedia.org/wiki/Dere, Karaman",141
https://en.wikipedia.org/wiki/Draves Point,102
https://en.wikipedia.org/wiki/Selemdzha,172
https://en.wikipedia.org/wiki/List of foreign football players in Uzbekistan Super League,1391
https://en.wikipedia.org/wiki/Selim Saadeh,94
https://en.wikipedia.org/wiki/Rebecca Giddens,201
https://en.wikipedia.org/wiki/Cosmopterix mystica,116
https://en.wikipedia.org/wiki/The Sinceros,332
https://en.wikipedia.org/wiki/Robert Biddulph (British Army officer),276
https://en.wikipedia.org/wiki/Răcoasa,212
https://en.wikipedia.org/wiki/Adrian Carambula,125
https://en.wikipedia.org/wiki/WMXZ,483
https://en.wikipedia.org/wiki/Marcia Morales Howard,216
https://en.wikipedia.org/wiki/Josie Tomkow,246
https://en.wikipedia.org/wiki/Later That Same Year,155
"https://en.wikipedia.org/wiki/Velas, Maharashtra",96
https://en.wikipedia.org/wiki/Al Fiskar,141
https://en.wikipedia.org/wiki/Alan Dershowitz,1832
https://en.wikipedia.org/wiki/Hymenobacter frigidus,122
https://en.wikipedia.org/wiki/Gmina Szprotawa,186
https://en.wikipedia.org/wiki/L. Neil Thurgood,144
https://en.wikipedia.org/wiki/R-46 (missile),358
https://en.wikipedia.org/wiki/Replenishment military service,115
https://en.wikipedia.org/wiki/Kosturkov,71
https://en.wikipedia.org/wiki/Frans Andersson,195
https://en.wikipedia.org/wiki/C. A. M. N. Silva,143
https://en.wikipedia.org/wiki/Ansfelden,225
https://en.wikipedia.org/wiki/Joseph Kreutzer,158
https://en.wikipedia.org/wiki/US Saint-Pierre-des-Corps,89
https://en.wikipedia.org/wiki/Fousque,102
https://en.wikipedia.org/wiki/Mitsuru Ishihara,120
https://en.wikipedia.org/wiki/JKT Oljoro F.C.,108
https://en.wikipedia.org/wiki/Peter Fernie,121
https://en.wikipedia.org/wiki/Lithuanian Russian Union,175
https://en.wikipedia.org/wiki/Jason Suecof,593
